Donor,Date,Boy 0-2,Girl 0-2,Boy 3-5,Girl 3-5,Boy 6-8,Girl 6-8,Boy 9-11,Girl 9-11,Boy 12-14,Girl 12-14,Book,Stuffie,Bike,Stocking,Inventory Person,Comments
"Five Below","Tue Dec 16 2025 00:00:00 GMT+0000 (Coordinated Universal Time)",0,0,2,3,4,0,0,0,0,0,0,5,0,2,"",""
"Dill Dinkers Satellite Beach","Tue Dec 16 2025 00:00:00 GMT+0000 (Coordinated Universal Time)",1,1,0,4,4,2,0,2,1,0,0,0,0,0,"",""
"Planet Fitness Satellite Beach","Tue Dec 16 2025 00:00:00 GMT+0000 (Coordinated Universal Time)",0,0,3,3,0,0,0,1,1,0,3,0,0,0,"",""
"Cube Smart - Satellite Beach","Tue Dec 16 2025 00:00:00 GMT+0000 (Coordinated Universal Time)",2,7,7,8,1,0,4,3,0,0,1,1,0,0,"",""
"Sky Zone","Tue Dec 16 2025 00:00:00 GMT+0000 (Coordinated Universal Time)",0,0,1,0,0,1,0,0,0,0,0,0,0,1,"",""
"Navy Federal Credit Union Satellite Beach","Tue Dec 16 2025 00:00:00 GMT+0000 (Coordinated Universal Time)",0,0,0,2,1,0,1,0,1,1,0,4,2,9,"",""
"Astrion LASSOLL KSC","Tue Dec 16 2025 00:00:00 GMT+0000 (Coordinated Universal Time)",6,1,19,29,12,7,18,7,16,3,5,3,0,11,"",""
"Private Donation","Tue Dec 16 2025 00:00:00 GMT+0000 (Coordinated Universal Time)",2,2,7,13,6,1,2,3,5,0,0,0,0,0,"",""
"Planet 13 Dispensary","Tue Dec 16 2025 00:00:00 GMT+0000 (Coordinated Universal Time)",0,0,7,10,5,6,6,1,0,1,0,0,0,16,"",""
"Soup Shop Wickham","Tue Dec 16 2025 00:00:00 GMT+0000 (Coordinated Universal Time)",0,2,2,0,0,9,2,2,1,0,8,2,0,8,"",""
"Clevens Face and Body Specialist","Tue Dec 16 2025 00:00:00 GMT+0000 (Coordinated Universal Time)",0,0,9,10,5,10,2,3,1,0,0,1,0,4,"",""
"Wickham Community Center","Tue Dec 16 2025 00:00:00 GMT+0000 (Coordinated Universal Time)",1,0,3,3,0,0,3,0,3,0,0,1,0,0,"",""
"Dollar General Aurora","Tue Dec 16 2025 00:00:00 GMT+0000 (Coordinated Universal Time)",0,0,0,0,0,0,0,0,0,0,0,1,0,0,"",""
"Dollar General Aurora Road","Tue Dec 16 2025 00:00:00 GMT+0000 (Coordinated Universal Time)",0,0,0,0,0,0,0,0,0,0,0,1,1,0,"",""
"Toys for Tots Purchase","Tue Dec 16 2025 00:00:00 GMT+0000 (Coordinated Universal Time)",0,0,0,0,1,6,32,49,19,66,0,0,0,0,"",""
"Private Donation","Mon Dec 15 2025 00:00:00 GMT+0000 (Coordinated Universal Time)",0,0,0,0,0,0,0,0,3,0,0,0,0,0,"",""
"Barefoot Bay Pickleball","Mon Dec 15 2025 00:00:00 GMT+0000 (Coordinated Universal Time)",0,0,1,0,0,0,0,1,0,0,0,0,0,0,"",""
"Century 21","Mon Dec 15 2025 00:00:00 GMT+0000 (Coordinated Universal Time)",4,7,14,8,4,3,1,2,0,1,2,6,0,6,"",""
"Ollies Wickham Road","Mon Dec 15 2025 00:00:00 GMT+0000 (Coordinated Universal Time)",4,5,23,8,7,0,3,0,2,1,5,2,0,4,"",""
"Isla Apartment Complex","Mon Dec 15 2025 00:00:00 GMT+0000 (Coordinated Universal Time)",1,1,2,2,3,1,0,0,1,0,0,3,0,0,"",""
"Ace Hardware of Palm Bay (Malabar)","Mon Dec 15 2025 00:00:00 GMT+0000 (Coordinated Universal Time)",0,1,0,0,1,1,0,0,0,0,0,0,0,22,"",""
"Private Donation","Mon Dec 15 2025 00:00:00 GMT+0000 (Coordinated Universal Time)",0,0,0,1,0,0,0,0,0,0,0,0,0,25,"",""
"Cube Smart - Palm Bay","Mon Dec 15 2025 00:00:00 GMT+0000 (Coordinated Universal Time)",1,0,10,2,2,6,2,2,2,0,1,3,0,2,"",""
"Space Coast Harley Davidson","Mon Dec 15 2025 00:00:00 GMT+0000 (Coordinated Universal Time)",0,0,8,3,0,0,0,0,0,0,0,0,0,0,"",""
"Launch Credit Union - Wickham","Mon Dec 15 2025 00:00:00 GMT+0000 (Coordinated Universal Time)",2,0,9,10,2,6,2,2,0,3,9,0,2,25,"",""
"Supreme Title","Mon Dec 15 2025 00:00:00 GMT+0000 (Coordinated Universal Time)",2,0,5,4,2,2,2,1,3,1,0,0,0,0,"",""
"Certified General Contractors","Mon Dec 15 2025 00:00:00 GMT+0000 (Coordinated Universal Time)",0,0,8,16,11,12,49,18,63,25,0,0,7,0,"",""
"Edward Jones Palm Bay Road","Mon Dec 15 2025 00:00:00 GMT+0000 (Coordinated Universal Time)",5,1,9,1,0,0,0,0,0,0,0,8,0,3,"",""
"Lakes of Melbourne","Mon Dec 15 2025 00:00:00 GMT+0000 (Coordinated Universal Time)",4,0,12,21,5,4,2,1,2,0,23,2,0,7,"",""
"Suntree Masters HOA","Mon Dec 15 2025 00:00:00 GMT+0000 (Coordinated Universal Time)",5,5,10,6,2,2,8,1,1,0,6,12,0,9,"",""
"Private Donation","Mon Dec 15 2025 00:00:00 GMT+0000 (Coordinated Universal Time)",0,0,2,0,4,4,0,5,0,0,55,0,0,30,"",""
"Event - Heather's Dance Studio","Mon Dec 15 2025 00:00:00 GMT+0000 (Coordinated Universal Time)",2,1,12,6,3,1,12,13,1,2,1,0,0,1,"",""
"Event - Marine Corps League at Baytree Community","Sun Dec 14 2025 00:00:00 GMT+0000 (Coordinated Universal Time)",1,1,15,0,47,21,48,0,5,13,0,6,0,18,"",""
"Event - USSSA Stadium","Sun Dec 14 2025 00:00:00 GMT+0000 (Coordinated Universal Time)",17,10,97,48,75,34,15,1,15,5,20,15,0,51,"",""
"Nancy and Art Caprario","Sun Dec 14 2025 00:00:00 GMT+0000 (Coordinated Universal Time)",0,0,0,0,5,0,0,0,5,14,0,0,0,0,"",""
"Knock knock whos hair salon llc","Sun Dec 14 2025 00:00:00 GMT+0000 (Coordinated Universal Time)",0,0,0,2,2,5,0,0,0,0,1,0,0,2,"",""
"Dollar General eber rd","Sun Dec 14 2025 00:00:00 GMT+0000 (Coordinated Universal Time)",1,1,7,9,3,2,1,1,0,1,7,0,0,13,"JR",""
"LDS Church","Sun Dec 14 2025 00:00:00 GMT+0000 (Coordinated Universal Time)",7,5,9,12,5,3,0,0,0,0,3,5,0,10,"Jr",""
"Soup Shop Wickham Rd","Sun Dec 14 2025 00:00:00 GMT+0000 (Coordinated Universal Time)",0,1,6,6,2,1,0,0,0,3,0,0,0,10,"Jr",""
"Barefoot Bay Pickleball","Sun Dec 14 2025 00:00:00 GMT+0000 (Coordinated Universal Time)",5,8,49,40,25,21,2,9,15,5,29,9,0,43,"JR",""
"Deer Run Community","Sun Dec 14 2025 00:00:00 GMT+0000 (Coordinated Universal Time)",3,4,15,14,7,4,0,0,1,1,3,1,0,0,"Jr",""
"Westshore Jr Sr High School","Sun Dec 14 2025 00:00:00 GMT+0000 (Coordinated Universal Time)",2,0,4,1,5,11,3,4,5,4,0,2,0,29,"",""
"321 Mud Buddies","Sun Dec 14 2025 00:00:00 GMT+0000 (Coordinated Universal Time)",7,1,25,18,29,19,12,1,8,0,5,13,0,61,"",""
"Event - Kid's Holiday Sawgrass Lakes","Sun Dec 14 2025 00:00:00 GMT+0000 (Coordinated Universal Time)",1,2,16,7,12,3,7,9,6,5,15,3,0,8,"",""
"Melbourne Rotary Club and Melbourne High Interact Club","Sun Dec 14 2025 00:00:00 GMT+0000 (Coordinated Universal Time)",2,3,12,1,2,5,2,1,2,0,1,1,0,3,"",""
"Air Force Rescue Squadron","Sun Dec 14 2025 00:00:00 GMT+0000 (Coordinated Universal Time)",1,0,9,6,10,8,3,3,8,4,0,13,0,2,"",""
"Flagger Force","Sun Dec 14 2025 00:00:00 GMT+0000 (Coordinated Universal Time)",0,0,2,2,2,1,0,0,5,0,0,1,0,2,"",""
"NASA","Sun Dec 14 2025 00:00:00 GMT+0000 (Coordinated Universal Time)",2,2,19,6,6,13,6,4,7,1,6,8,0,17,"",""
"Event - Christmas Wonderland Space Coast Harley Davidson","Sun Dec 14 2025 00:00:00 GMT+0000 (Coordinated Universal Time)",1,0,13,4,4,6,4,2,2,0,3,3,0,2,"",""
"Never Enough Tatoos","Sun Dec 14 2025 00:00:00 GMT+0000 (Coordinated Universal Time)",4,3,19,10,7,10,12,6,1,3,4,7,0,9,"",""
"Event- Camp Holly","Sun Dec 14 2025 00:00:00 GMT+0000 (Coordinated Universal Time)",2,2,14,11,10,1,7,3,1,1,0,1,0,14,"",""
"Event Mitchell Wealth Management Edward Jones - Viera","Sun Dec 14 2025 00:00:00 GMT+0000 (Coordinated Universal Time)",3,1,31,24,11,12,9,5,10,3,1,9,0,6,"",""
"Viera Storage","Sun Dec 14 2025 00:00:00 GMT+0000 (Coordinated Universal Time)",3,3,6,7,3,6,0,0,3,5,9,0,0,23,"",""
"Metro Diner Viera","Sun Dec 14 2025 00:00:00 GMT+0000 (Coordinated Universal Time)",2,0,3,3,0,1,1,0,0,5,0,6,0,1,"",""
"Heritage Isle - LeLand Management Lifestyle","Sun Dec 14 2025 00:00:00 GMT+0000 (Coordinated Universal Time)",0,0,1,0,0,0,0,0,0,0,0,0,3,0,"",""
"Reserves of Melbourne Apartment Complex","Sat Dec 13 2025 00:00:00 GMT+0000 (Coordinated Universal Time)",0,3,10,19,2,0,9,1,3,1,0,1,0,10,"",""
"Private Donation","Sat Dec 13 2025 00:00:00 GMT+0000 (Coordinated Universal Time)",2,1,2,1,1,0,0,0,0,1,6,0,0,15,"",""
"Event Innovative Realty","Sat Dec 13 2025 00:00:00 GMT+0000 (Coordinated Universal Time)",7,6,18,15,2,6,1,4,1,0,0,1,1,27,"",""
"Soup Shop Wickham","Sat Dec 13 2025 00:00:00 GMT+0000 (Coordinated Universal Time)",1,3,14,7,0,0,3,3,0,2,4,5,0,12,"",""
"Project Suds","Sat Dec 13 2025 00:00:00 GMT+0000 (Coordinated Universal Time)",0,0,3,3,0,0,5,1,0,5,0,0,0,1,"",""
"Lamplighter Village","Sat Dec 13 2025 00:00:00 GMT+0000 (Coordinated Universal Time)",3,0,1,2,0,0,0,0,1,3,7,0,0,12,"",""
"Heritage Isle - LeLand Management Lifestyle","Sat Dec 13 2025 00:00:00 GMT+0000 (Coordinated Universal Time)",9,5,31,25,19,12,3,5,5,3,22,9,6,15,"",""
"Pet Smart - Melbourne","Fri Dec 12 2025 00:00:00 GMT+0000 (Coordinated Universal Time)",0,0,0,0,0,0,0,0,0,0,0,47,0,0,"",""
"Melbourne Beach Town Hall","Fri Dec 12 2025 00:00:00 GMT+0000 (Coordinated Universal Time)",2,6,15,7,4,3,9,3,6,1,2,24,3,6,"",""
"Ann Little","Fri Dec 12 2025 00:00:00 GMT+0000 (Coordinated Universal Time)",0,0,0,0,2,4,0,8,0,9,0,0,0,24,"",""
"Soup Shop Viera","Fri Dec 12 2025 00:00:00 GMT+0000 (Coordinated Universal Time)",2,0,6,2,4,4,3,2,1,3,1,1,0,5,"",""
"Indian River Colony Club","Fri Dec 12 2025 00:00:00 GMT+0000 (Coordinated Universal Time)",0,4,4,0,4,0,0,1,2,1,0,1,0,0,"",""
"FINAL (Edward James)","Fri Dec 12 2025 00:00:00 GMT+0000 (Coordinated Universal Time)",5,10,32,21,18,7,9,12,13,5,33,13,0,3,"",""
"Ensco","Fri Dec 12 2025 00:00:00 GMT+0000 (Coordinated Universal Time)",3,0,18,15,3,3,15,5,2,4,2,2,0,13,"",""
"Sandy Williams - Volunteer","Fri Dec 12 2025 00:00:00 GMT+0000 (Coordinated Universal Time)",0,0,0,0,0,0,2,8,6,20,0,0,0,10,"",""
"Toys for Tots Purchase","Fri Dec 12 2025 00:00:00 GMT+0000 (Coordinated Universal Time)",0,0,0,0,0,0,0,67,0,67,0,0,0,0,"",""
"Luke Staffing","Fri Dec 12 2025 00:00:00 GMT+0000 (Coordinated Universal Time)",5,5,14,15,9,8,4,6,1,0,1,5,0,0,"",""
"Lamplighter Village","Fri Dec 12 2025 00:00:00 GMT+0000 (Coordinated Universal Time)",3,4,0,0,0,0,4,3,60,0,0,5,0,0,"",""
"Synergy","Fri Dec 12 2025 00:00:00 GMT+0000 (Coordinated Universal Time)",5,4,7,10,1,11,3,4,7,1,2,0,0,6,"",""
"A Timeless Barber","Fri Dec 12 2025 00:00:00 GMT+0000 (Coordinated Universal Time)",1,2,5,5,2,0,7,0,0,0,0,5,0,0,"",""
"Carol Moore","Fri Dec 12 2025 00:00:00 GMT+0000 (Coordinated Universal Time)",0,0,0,0,0,0,0,0,0,0,0,13,0,7,"",""
"Thanh Nguyen","Thu Dec 11 2025 00:00:00 GMT+0000 (Coordinated Universal Time)",0,0,1,1,0,2,4,14,4,7,0,8,0,7,"",""
"Toys for Tots Purchase","Thu Dec 11 2025 00:00:00 GMT+0000 (Coordinated Universal Time)",0,0,0,0,0,0,16,15,25,41,0,0,0,0,"",""
"Private Donation","Thu Dec 11 2025 00:00:00 GMT+0000 (Coordinated Universal Time)",0,0,0,0,0,0,0,0,0,20,0,0,0,0,"",""
"Full Spectrum Operations","Thu Dec 11 2025 00:00:00 GMT+0000 (Coordinated Universal Time)",0,0,16,13,10,14,3,5,4,2,13,1,2,85,"",""
"Rockledge Recreation Center","Wed Dec 10 2025 00:00:00 GMT+0000 (Coordinated Universal Time)",1,0,2,2,1,0,1,0,0,1,0,8,0,0,"",""
"City of Rockledge Fire Department #35","Wed Dec 10 2025 00:00:00 GMT+0000 (Coordinated Universal Time)",2,0,3,0,2,3,0,0,1,0,1,3,0,2,"",""
"Brevard Health Center","Wed Dec 10 2025 00:00:00 GMT+0000 (Coordinated Universal Time)",1,0,6,7,3,4,1,2,1,1,2,9,0,0,"",""
"Harbor City Golf Course","Wed Dec 10 2025 00:00:00 GMT+0000 (Coordinated Universal Time)",0,0,3,4,1,4,0,1,0,1,0,4,2,4,"",""
"Private Donation","Wed Dec 10 2025 00:00:00 GMT+0000 (Coordinated Universal Time)",4,0,2,2,3,4,1,1,1,1,6,0,0,0,"",""
"Addison Pointe","Wed Dec 10 2025 00:00:00 GMT+0000 (Coordinated Universal Time)",4,4,1,0,4,4,0,0,1,2,0,0,0,0,"",""
"Craig and Terri Janssen","Wed Dec 10 2025 00:00:00 GMT+0000 (Coordinated Universal Time)",5,6,6,6,5,5,4,5,4,5,1,0,0,4,"",""
"Disney Cruise Line","Wed Dec 10 2025 00:00:00 GMT+0000 (Coordinated Universal Time)",6,0,10,9,8,8,5,6,5,6,7,8,0,6,"",""
"Ollies Palm Bay","Wed Dec 10 2025 00:00:00 GMT+0000 (Coordinated Universal Time)",12,0,11,11,16,16,4,3,7,0,8,28,0,111,"",""
"Bloomin Basket Florist","Wed Dec 10 2025 00:00:00 GMT+0000 (Coordinated Universal Time)",0,4,7,5,1,2,0,5,0,2,5,1,0,2,"",""
"Re/Max Alternative Realty","Wed Dec 10 2025 00:00:00 GMT+0000 (Coordinated Universal Time)",0,0,4,0,0,1,0,1,0,0,44,2,0,2,"",""
"Ask Doug","Wed Dec 10 2025 00:00:00 GMT+0000 (Coordinated Universal Time)",5,0,9,3,11,17,10,5,6,6,0,3,0,0,"",""
"Brevard Zoo","Wed Dec 10 2025 00:00:00 GMT+0000 (Coordinated Universal Time)",8,4,13,14,19,33,7,9,16,21,6,21,0,4,"",""
"Melbourne Beach Police Department","Wed Dec 10 2025 00:00:00 GMT+0000 (Coordinated Universal Time)",3,3,3,0,3,16,3,3,3,3,0,0,0,0,"",""
"Melbourne Beach Town Hall","Wed Dec 10 2025 00:00:00 GMT+0000 (Coordinated Universal Time)",1,0,4,4,3,4,1,0,0,0,0,1,0,0,"",""
"Golf Brevard - Spessard Holland Golf Course - Melbourne Beach","Wed Dec 10 2025 00:00:00 GMT+0000 (Coordinated Universal Time)",0,0,8,8,3,0,4,3,5,4,0,0,0,0,"",""
"Heritage Isle - LeLand Management Lifestyle","Tue Dec 09 2025 00:00:00 GMT+0000 (Coordinated Universal Time)",6,6,15,16,23,23,11,12,11,11,9,29,0,31,"",""
"Florida Tech - Dept of Security","Tue Dec 09 2025 00:00:00 GMT+0000 (Coordinated Universal Time)",7,0,9,0,21,0,9,0,9,0,6,14,0,9,"",""
"Space Coast Dance Club","Tue Dec 09 2025 00:00:00 GMT+0000 (Coordinated Universal Time)",3,0,8,0,4,0,3,0,3,0,1,3,2,2,"",""
"Wickham Park Community Center","Tue Dec 09 2025 00:00:00 GMT+0000 (Coordinated Universal Time)",3,0,3,0,5,0,2,0,2,0,0,0,0,0,"",""
"Edward Jones Dairy Road","Tue Dec 09 2025 00:00:00 GMT+0000 (Coordinated Universal Time)",0,0,1,0,2,0,0,0,0,0,0,0,0,0,"",""
"Private Donation","Tue Dec 09 2025 00:00:00 GMT+0000 (Coordinated Universal Time)",1,0,2,0,3,0,2,0,0,0,0,0,0,0,"",""
"Team Voltage 386 - Robotics Team - Melbourne High School","Tue Dec 09 2025 00:00:00 GMT+0000 (Coordinated Universal Time)",1,0,2,0,1,0,0,1,0,0,0,34,0,3,"",""
"Rowley Family Dentistry","Tue Dec 09 2025 00:00:00 GMT+0000 (Coordinated Universal Time)",1,5,6,4,5,3,0,1,0,0,1,0,0,6,"",""
"Walmart Stores","Tue Dec 09 2025 00:00:00 GMT+0000 (Coordinated Universal Time)",0,0,3,5,1,2,4,0,4,2,0,1,0,0,"",""
"Private Donation","Tue Dec 09 2025 00:00:00 GMT+0000 (Coordinated Universal Time)",0,0,2,1,0,1,0,0,0,1,0,0,0,0,"",""
"Navy Federal Credit Union","Tue Dec 09 2025 00:00:00 GMT+0000 (Coordinated Universal Time)",0,1,2,7,0,0,0,2,0,0,0,0,0,8,"",""
"Dill Dinkers Satellite Beach","Tue Dec 09 2025 00:00:00 GMT+0000 (Coordinated Universal Time)",0,0,4,2,1,0,0,0,1,1,0,5,0,2,"",""
"Planet Fitness Satellite Beach","Tue Dec 09 2025 00:00:00 GMT+0000 (Coordinated Universal Time)",0,0,2,1,0,0,0,0,0,0,2,2,0,0,"",""
"Event - Five Below Wickham Road","Tue Dec 09 2025 00:00:00 GMT+0000 (Coordinated Universal Time)",0,0,0,0,9,11,17,8,19,29,0,0,0,4,"",""
"Cube Smart - Satellite Beach","Tue Dec 09 2025 00:00:00 GMT+0000 (Coordinated Universal Time)",5,7,19,13,3,3,5,0,1,7,0,7,0,4,"",""
"Career Source Palm Bay","Tue Dec 09 2025 00:00:00 GMT+0000 (Coordinated Universal Time)",3,3,4,1,0,0,0,1,0,0,4,6,0,10,"",""
"Cube Smart-Palm Bay","Tue Dec 09 2025 00:00:00 GMT+0000 (Coordinated Universal Time)",1,0,4,1,0,0,0,1,0,0,0,20,0,0,"",""
"Launch Credit Union Babcock","Tue Dec 09 2025 00:00:00 GMT+0000 (Coordinated Universal Time)",0,0,9,5,4,2,0,0,0,0,0,2,0,3,"",""
"Walmart Store #974 Palm Bay","Tue Dec 09 2025 00:00:00 GMT+0000 (Coordinated Universal Time)",3,2,8,6,1,1,2,0,1,1,1,7,0,0,"",""
"Century 21 Baytree Realty","Tue Dec 09 2025 00:00:00 GMT+0000 (Coordinated Universal Time)",14,2,20,3,22,0,25,0,25,1,5,4,0,14,"",""
"Space Coast Harley Davidson","Tue Dec 09 2025 00:00:00 GMT+0000 (Coordinated Universal Time)",1,1,1,3,4,4,1,0,1,1,0,0,0,2,"",""
"Walmart Store #956 E Eau Gallie Beachside","Tue Dec 09 2025 00:00:00 GMT+0000 (Coordinated Universal Time)",0,0,0,0,7,4,15,4,33,14,0,18,0,0,"",""
"Fallon Pilot Shop","Tue Dec 09 2025 00:00:00 GMT+0000 (Coordinated Universal Time)",0,1,3,2,0,0,1,0,0,0,0,1,0,1,"",""
"Hyatt Place Melbourne Airport","Tue Dec 09 2025 00:00:00 GMT+0000 (Coordinated Universal Time)",1,0,1,0,1,0,1,0,0,0,0,0,0,0,"",""
"Todd Thomas Home","Tue Dec 09 2025 00:00:00 GMT+0000 (Coordinated Universal Time)",0,0,1,0,1,0,1,0,1,0,0,0,0,0,"",""
"International Minute press","Tue Dec 09 2025 00:00:00 GMT+0000 (Coordinated Universal Time)",1,0,0,0,0,0,0,0,0,0,0,0,0,0,"",""
"Sawgrass Lakes West Melbourne","Tue Dec 09 2025 00:00:00 GMT+0000 (Coordinated Universal Time)",10,3,12,10,5,5,3,2,1,3,18,1,0,4,"",""
"Paramount Condos","Tue Dec 09 2025 00:00:00 GMT+0000 (Coordinated Universal Time)",1,0,24,9,7,17,5,6,14,5,27,16,0,18,"",""
"Launch Credit Union - Norfolk","Tue Dec 09 2025 00:00:00 GMT+0000 (Coordinated Universal Time)",3,3,1,2,2,0,0,0,0,0,0,1,0,0,"",""
"Mode of Melbourne","Tue Dec 09 2025 00:00:00 GMT+0000 (Coordinated Universal Time)",0,2,8,9,7,4,4,2,2,0,0,0,0,0,"",""
"Event - Five Below Wickham Road","Tue Dec 09 2025 00:00:00 GMT+0000 (Coordinated Universal Time)",0,0,3,1,1,2,1,0,0,0,0,0,0,2,"",""
"Ace Hardware of Palm Bay (Malabar)","Tue Dec 09 2025 00:00:00 GMT+0000 (Coordinated Universal Time)",0,0,4,3,1,1,0,0,0,0,2,0,0,0,"",""
"Event - Five Below 192 West Melbourne","Sun Dec 07 2025 00:00:00 GMT+0000 (Coordinated Universal Time)",0,0,3,0,1,6,0,6,2,0,0,2,0,5,"",""
"Event - Southsiders VW","Sun Dec 07 2025 00:00:00 GMT+0000 (Coordinated Universal Time)",0,0,1,4,0,0,0,3,6,1,91,0,0,34,"",""
"Event - Southsiders VW","Sun Dec 07 2025 00:00:00 GMT+0000 (Coordinated Universal Time)",12,22,83,50,43,69,35,20,26,39,0,160,15,25,"","Six electric scooters"
"Private Donation","Sun Dec 07 2025 00:00:00 GMT+0000 (Coordinated Universal Time)",0,0,0,0,2,3,0,0,3,3,0,0,0,0,"",""
"Lamplighter Village","Sun Dec 07 2025 00:00:00 GMT+0000 (Coordinated Universal Time)",1,0,1,2,2,0,0,0,1,0,0,0,0,0,"",""
"Indian River Colony Club","Sat Dec 06 2025 00:00:00 GMT+0000 (Coordinated Universal Time)",5,7,21,28,15,14,8,6,3,2,8,8,2,21,"",""
"Summit of Sawgrass","Sat Dec 06 2025 00:00:00 GMT+0000 (Coordinated Universal Time)",4,1,9,8,13,10,4,9,0,3,4,3,2,5,"",""
"Suntree Master HOA","Sat Dec 06 2025 00:00:00 GMT+0000 (Coordinated Universal Time)",0,0,5,9,11,13,2,0,8,2,5,9,0,64,"",""
"Team Voltage 386 - Robotics Team - Melbourne High School","Sat Dec 06 2025 00:00:00 GMT+0000 (Coordinated Universal Time)",0,5,1,3,3,2,1,1,6,16,0,0,0,20,"",""
"Indian River Colony Club","Sat Dec 06 2025 00:00:00 GMT+0000 (Coordinated Universal Time)",1,0,0,0,0,0,0,0,0,0,0,0,0,0,"",""
"Fraternal Order of Orioles","Sat Dec 06 2025 00:00:00 GMT+0000 (Coordinated Universal Time)",1,1,3,0,0,0,3,0,0,0,0,6,0,0,"",""
"Indian River Colony Club","Sat Dec 06 2025 00:00:00 GMT+0000 (Coordinated Universal Time)",0,2,2,3,0,1,0,1,0,0,0,0,5,0,"",""
"Brevard Zoo","Sat Dec 06 2025 00:00:00 GMT+0000 (Coordinated Universal Time)",3,3,11,15,8,2,1,1,0,0,1,9,0,23,"",""
"Indian River Colony Club","Sat Dec 06 2025 00:00:00 GMT+0000 (Coordinated Universal Time)",3,1,18,9,5,1,4,0,6,0,0,4,0,7,"",""
"Brevard Zoo","Sat Dec 06 2025 00:00:00 GMT+0000 (Coordinated Universal Time)",1,1,9,12,2,3,3,0,0,0,1,0,0,4,"",""
"Event - Capritta","Fri Dec 05 2025 00:00:00 GMT+0000 (Coordinated Universal Time)",5,4,1,0,2,1,4,0,0,0,8,5,0,28,"",""
"Five Below Hammock Landing Palm Bay","Fri Dec 05 2025 00:00:00 GMT+0000 (Coordinated Universal Time)",1,1,3,2,0,7,1,0,0,0,2,2,0,1,"",""
"Cube Smart - Palm Bay","Fri Dec 05 2025 00:00:00 GMT+0000 (Coordinated Universal Time)",0,2,8,4,0,0,2,1,0,0,0,0,0,0,"",""
"Launch Credit Union - Norfolk","Fri Dec 05 2025 00:00:00 GMT+0000 (Coordinated Universal Time)",2,2,6,2,0,0,0,0,0,1,0,0,0,0,"",""
"Ace Hardware of Palm Bay (Malabar)","Fri Dec 05 2025 00:00:00 GMT+0000 (Coordinated Universal Time)",1,0,6,2,1,4,2,0,1,0,4,3,0,0,"",""
"Wickham Park Community Center","Fri Dec 05 2025 00:00:00 GMT+0000 (Coordinated Universal Time)",6,3,13,11,1,1,1,0,1,0,0,5,0,23,"",""
"Eau Gallie Civic Center","Fri Dec 05 2025 00:00:00 GMT+0000 (Coordinated Universal Time)",0,3,4,8,4,1,0,2,0,0,1,0,0,4,"",""
"Jacqueline's Bakery Suntree","Fri Dec 05 2025 00:00:00 GMT+0000 (Coordinated Universal Time)",1,0,4,5,3,0,1,1,0,0,0,1,0,2,"",""
"Winn Dixie Liquor Store","Fri Dec 05 2025 00:00:00 GMT+0000 (Coordinated Universal Time)",1,0,12,9,14,11,0,1,0,0,0,2,0,0,"",""
"Farlow Auto","Fri Dec 05 2025 00:00:00 GMT+0000 (Coordinated Universal Time)",11,4,14,7,12,3,0,0,6,2,4,2,0,7,"",""
"Snug Harbour Lakes Clubhouse","Fri Dec 05 2025 00:00:00 GMT+0000 (Coordinated Universal Time)",8,6,11,10,0,0,0,0,3,1,0,0,0,7,"",""
"Private Donation","Fri Dec 05 2025 00:00:00 GMT+0000 (Coordinated Universal Time)",0,0,20,0,0,0,0,0,0,0,0,0,0,0,"",""
"Ann Little","Fri Dec 05 2025 00:00:00 GMT+0000 (Coordinated Universal Time)",0,0,0,0,0,0,0,6,0,24,0,0,0,23,"",""
"Dollar General","Fri Dec 05 2025 00:00:00 GMT+0000 (Coordinated Universal Time)",0,1,10,15,3,10,2,0,1,0,0,0,0,2,"",""
"Jamie Puschus","Fri Dec 05 2025 00:00:00 GMT+0000 (Coordinated Universal Time)",0,0,4,1,0,0,0,0,1,5,0,0,0,79,"",""
"Brevard Zoo","Thu Dec 04 2025 00:00:00 GMT+0000 (Coordinated Universal Time)",5,5,11,8,10,7,11,11,1,1,8,3,1,30,"",""
"Sawgrass Lakes West Melbourne","Thu Dec 04 2025 00:00:00 GMT+0000 (Coordinated Universal Time)",0,0,2,1,2,0,0,4,7,5,0,2,0,31,"",""
"Haverty's Furniture","Thu Dec 04 2025 00:00:00 GMT+0000 (Coordinated Universal Time)",0,0,6,6,28,5,0,0,0,9,0,1,2,15,"",""
"Melbourne Auditorium","Thu Dec 04 2025 00:00:00 GMT+0000 (Coordinated Universal Time)",5,13,6,9,6,3,7,1,9,1,3,6,0,10,"",""
"Melbourne Beach Town Hall","Thu Dec 04 2025 00:00:00 GMT+0000 (Coordinated Universal Time)",2,3,21,17,8,6,8,9,3,4,0,0,0,0,"",""
"Jade Palm Condominium","Thu Dec 04 2025 00:00:00 GMT+0000 (Coordinated Universal Time)",2,1,6,11,4,1,8,4,0,0,2,5,0,2,"",""
"Private Donation","Thu Dec 04 2025 00:00:00 GMT+0000 (Coordinated Universal Time)",1,0,2,0,0,0,4,3,1,2,0,0,0,0,"",""
"Cocoa Expo Center","Thu Dec 04 2025 00:00:00 GMT+0000 (Coordinated Universal Time)",2,2,12,16,6,7,4,3,2,1,4,8,0,12,"",""
"Twisted Biscuit","Thu Dec 04 2025 00:00:00 GMT+0000 (Coordinated Universal Time)",1,0,4,5,2,1,0,0,2,0,0,2,0,32,"",""
"Heritage Isle - LeLand Management Lifestyle","Thu Dec 04 2025 00:00:00 GMT+0000 (Coordinated Universal Time)",2,2,30,26,13,12,9,10,4,5,1,4,0,4,"",""
"Coral Family Dentistry","Thu Dec 04 2025 00:00:00 GMT+0000 (Coordinated Universal Time)",1,0,6,3,2,2,1,0,1,1,0,4,0,17,"",""
"Petsmart Viera","Thu Dec 04 2025 00:00:00 GMT+0000 (Coordinated Universal Time)",0,0,0,0,0,0,0,0,0,0,0,165,0,0,"",""
"Event - Soup Shop Wickham","Wed Dec 03 2025 00:00:00 GMT+0000 (Coordinated Universal Time)",7,0,6,7,9,5,0,0,2,1,6,3,0,8,"",""
"Heritage Isle - LeLand Management Lifestyle","Wed Dec 03 2025 00:00:00 GMT+0000 (Coordinated Universal Time)",1,2,26,21,10,14,15,6,13,3,14,37,0,62,"",""
"Launch Credit Union Babcock","Wed Dec 03 2025 00:00:00 GMT+0000 (Coordinated Universal Time)",1,0,8,3,3,2,0,0,0,0,0,2,0,0,"",""
"Melbourne Beach Town Hall","Wed Dec 03 2025 00:00:00 GMT+0000 (Coordinated Universal Time)",0,1,1,0,0,0,0,0,0,0,0,2,0,0,"",""
"Ollies Melbourne","Wed Dec 03 2025 00:00:00 GMT+0000 (Coordinated Universal Time)",2,6,11,15,4,4,3,4,9,1,25,14,0,5,"",""
"Event - Edward Jones Hotel Melby","Tue Dec 02 2025 00:00:00 GMT+0000 (Coordinated Universal Time)",2,7,10,10,9,8,2,5,1,2,3,0,1,1,"",""
"Parasol","Tue Dec 02 2025 00:00:00 GMT+0000 (Coordinated Universal Time)",0,3,6,10,4,2,4,3,0,0,35,4,0,4,"",""
"Melbourne Beach Town Hall","Tue Dec 02 2025 00:00:00 GMT+0000 (Coordinated Universal Time)",0,1,0,1,0,0,0,0,0,0,0,180,0,16,"",""
"Indian River Colony Club","Tue Dec 02 2025 00:00:00 GMT+0000 (Coordinated Universal Time)",8,9,25,17,11,5,8,8,2,0,4,14,0,3,"",""
"Launch Credit Union - Norfolk","Tue Dec 02 2025 00:00:00 GMT+0000 (Coordinated Universal Time)",11,11,9,3,7,4,0,0,1,1,0,1,0,0,"",""
"Cube Smart-Palm Bay","Tue Dec 02 2025 00:00:00 GMT+0000 (Coordinated Universal Time)",0,0,6,4,0,3,1,0,0,0,0,4,0,6,"",""
"Resident Skateshop LLC","Tue Dec 02 2025 00:00:00 GMT+0000 (Coordinated Universal Time)",0,0,17,9,14,3,5,0,1,0,0,1,0,57,"",""
"Brady's Book Drive","Tue Dec 02 2025 00:00:00 GMT+0000 (Coordinated Universal Time)",0,0,0,0,0,0,0,0,0,0,60,0,0,0,"",""
"City of Rockledge Fire Department #35","Tue Dec 02 2025 00:00:00 GMT+0000 (Coordinated Universal Time)",0,0,6,0,0,6,0,0,0,0,3,8,0,0,"",""
"Walmart Store #974 Palm Bay","Tue Dec 02 2025 00:00:00 GMT+0000 (Coordinated Universal Time)",1,0,3,7,8,8,1,0,2,0,0,0,0,0,"",""
"Melbourne Beach Police Department","Tue Dec 02 2025 00:00:00 GMT+0000 (Coordinated Universal Time)",1,0,9,4,0,2,0,0,0,0,0,0,0,0,"",""
"Five Below Hammock Landing Palm Bay","Tue Dec 02 2025 00:00:00 GMT+0000 (Coordinated Universal Time)",0,1,18,7,9,2,2,1,0,5,4,2,0,20,"",""
"Lakes of Melbourne","Tue Dec 02 2025 00:00:00 GMT+0000 (Coordinated Universal Time)",0,0,5,8,4,1,0,0,0,0,4,3,0,0,"",""
"Lamplighter Village","Tue Dec 02 2025 00:00:00 GMT+0000 (Coordinated Universal Time)",0,0,3,2,5,3,0,0,0,15,0,0,0,48,"",""
"Melbourne Beach Town Hall","Tue Dec 02 2025 00:00:00 GMT+0000 (Coordinated Universal Time)",0,1,5,0,0,0,4,1,0,0,0,0,0,5,"",""
"Edward Jones Dairy Road","Tue Dec 02 2025 00:00:00 GMT+0000 (Coordinated Universal Time)",0,0,0,0,0,0,2,1,0,0,16,2,0,1,"",""
"Walmart Store #956 E Eau Gallie Beachside","Tue Dec 02 2025 00:00:00 GMT+0000 (Coordinated Universal Time)",2,2,9,7,0,0,1,1,4,3,0,7,0,17,"",""
"Cadillac Cove","Tue Dec 02 2025 00:00:00 GMT+0000 (Coordinated Universal Time)",1,3,5,3,1,0,2,0,0,0,0,0,0,4,"",""
"Navy Federal Credit Union","Tue Dec 02 2025 00:00:00 GMT+0000 (Coordinated Universal Time)",0,0,12,2,5,0,9,2,2,1,6,3,0,10,"",""
"Starbucks Beachside","Tue Dec 02 2025 00:00:00 GMT+0000 (Coordinated Universal Time)",0,2,7,4,0,4,0,0,0,0,0,0,0,19,"",""
"Ann Little","Mon Dec 01 2025 00:00:00 GMT+0000 (Coordinated Universal Time)",0,0,0,0,0,20,0,10,0,5,0,0,0,24,"",""
"Super 8","Mon Dec 01 2025 00:00:00 GMT+0000 (Coordinated Universal Time)",1,8,63,58,4,7,0,0,2,0,0,3,0,34,"",""
"The Fountains of Melbourne","Mon Dec 01 2025 00:00:00 GMT+0000 (Coordinated Universal Time)",1,0,0,0,0,0,0,0,0,0,0,0,9,0,"",""
"The Fountains of Melbourne","Mon Dec 01 2025 00:00:00 GMT+0000 (Coordinated Universal Time)",4,4,16,20,7,6,5,2,3,0,0,22,0,2,"",""
"Planet Fitness Satellite Beach","Mon Dec 01 2025 00:00:00 GMT+0000 (Coordinated Universal Time)",2,0,3,0,1,3,0,0,0,0,0,0,0,0,"",""
"Event - Bridgewater","Mon Dec 01 2025 00:00:00 GMT+0000 (Coordinated Universal Time)",18,5,71,49,40,32,9,11,19,17,14,13,6,41,"",""
"Surfin Turtle","Sun Nov 30 2025 00:00:00 GMT+0000 (Coordinated Universal Time)",0,0,4,3,1,0,0,1,0,0,10,0,0,0,"",""
"Palm Bay Colony HOA","Sun Nov 30 2025 00:00:00 GMT+0000 (Coordinated Universal Time)",0,0,0,2,0,2,6,9,0,4,2,0,0,3,"",""
"Martin Anderson Senior Center","Sun Nov 30 2025 00:00:00 GMT+0000 (Coordinated Universal Time)",0,0,2,3,0,2,0,0,0,0,0,2,0,0,"",""
"Planet Fitness Rockledge","Sun Nov 30 2025 00:00:00 GMT+0000 (Coordinated Universal Time)",0,0,3,0,0,1,1,0,0,0,1,6,0,0,"",""
"Event - Five Below 192 West Melbourne","Sun Nov 30 2025 00:00:00 GMT+0000 (Coordinated Universal Time)",0,0,2,0,1,1,0,0,0,0,0,8,0,13,"",""
"Malabar Town Hall","Wed Nov 26 2025 00:00:00 GMT+0000 (Coordinated Universal Time)",0,0,0,1,0,0,0,3,0,0,5,0,0,0,"",""
"The Shack Riverfront","Wed Nov 26 2025 00:00:00 GMT+0000 (Coordinated Universal Time)",0,0,2,3,0,0,0,0,0,0,0,1,0,0,"",""
"Data Management","Wed Nov 26 2025 00:00:00 GMT+0000 (Coordinated Universal Time)",0,0,1,4,2,0,0,0,1,0,0,0,0,0,"",""
"The Pointe at Palm Bay","Wed Nov 26 2025 00:00:00 GMT+0000 (Coordinated Universal Time)",3,2,3,13,2,0,0,0,1,0,0,0,0,2,"",""
"Lamplighter Village","Tue Nov 25 2025 00:00:00 GMT+0000 (Coordinated Universal Time)",0,0,0,0,8,9,0,0,6,57,0,0,2,13,"",""
"Ollies","Tue Nov 25 2025 00:00:00 GMT+0000 (Coordinated Universal Time)",4,5,16,20,5,0,1,3,5,2,17,5,0,3,"",""
"Private Donation","Tue Nov 25 2025 00:00:00 GMT+0000 (Coordinated Universal Time)",0,1,4,2,0,0,0,1,6,1,0,3,0,3,"",""
"Rowley Family Dentistry","Tue Nov 25 2025 00:00:00 GMT+0000 (Coordinated Universal Time)",6,3,13,22,3,1,7,3,0,0,0,0,0,3,"",""
"Toy Drive Car Show Harley Davidson","Tue Nov 25 2025 00:00:00 GMT+0000 (Coordinated Universal Time)",1,3,42,33,23,10,21,2,1,4,10,15,2,67,"",""
"The Fountains of Melbourne","Tue Nov 25 2025 00:00:00 GMT+0000 (Coordinated Universal Time)",7,11,31,23,9,5,7,10,1,0,13,7,0,25,"",""
"Walmart #1702 Wickham Rd - Palm Bay","Tue Nov 25 2025 00:00:00 GMT+0000 (Coordinated Universal Time)",1,3,2,1,3,0,0,0,0,0,0,0,0,2,"",""
"Super 8","Sun Nov 23 2025 00:00:00 GMT+0000 (Coordinated Universal Time)",14,6,42,23,5,1,0,0,0,3,0,0,0,85,"",""
"Lamplighter Village","Sun Nov 23 2025 00:00:00 GMT+0000 (Coordinated Universal Time)",1,0,4,5,1,1,2,6,0,0,3,0,0,20,"",""
"Cube Smart - Satellite Beach","Sun Nov 23 2025 00:00:00 GMT+0000 (Coordinated Universal Time)",0,0,9,5,0,3,1,3,0,0,4,0,0,38,"",""
"Navy Federal Credit Union","Sun Nov 23 2025 00:00:00 GMT+0000 (Coordinated Universal Time)",1,0,5,10,0,6,1,1,0,1,9,0,0,12,"",""
"Team Voltage 386 - Robotics Team - Melbourne High School","Sun Nov 23 2025 00:00:00 GMT+0000 (Coordinated Universal Time)",3,5,2,1,1,15,0,0,6,30,10,0,0,99,"",""
"Farlow Automotive","Fri Nov 21 2025 00:00:00 GMT+0000 (Coordinated Universal Time)",3,5,11,1,3,0,0,0,0,0,0,0,0,0,"",""
"Five Below Hammock Landing Palm Bay","Fri Nov 21 2025 00:00:00 GMT+0000 (Coordinated Universal Time)",0,0,0,0,15,18,0,0,0,14,0,0,0,23,"",""
"Launch Credit Union Babcock","Fri Nov 21 2025 00:00:00 GMT+0000 (Coordinated Universal Time)",0,1,17,19,6,16,5,2,5,4,4,0,0,11,"",""
"Private Donation","Thu Nov 20 2025 00:00:00 GMT+0000 (Coordinated Universal Time)",0,0,0,0,0,0,0,0,4,6,0,0,0,2,"",""
"Memaw's Bar-B-Q","Thu Nov 20 2025 00:00:00 GMT+0000 (Coordinated Universal Time)",0,0,0,0,0,0,1,0,4,6,0,0,0,5,"",""
"Event - Space Coast Parrott Head Club","Thu Nov 20 2025 00:00:00 GMT+0000 (Coordinated Universal Time)",2,2,10,12,11,2,1,0,3,0,7,0,0,13,"",""
"Private Donation","Thu Nov 20 2025 00:00:00 GMT+0000 (Coordinated Universal Time)",0,0,6,0,10,0,0,0,0,0,0,0,0,52,"",""
"William and Mary","Thu Nov 20 2025 00:00:00 GMT+0000 (Coordinated Universal Time)",0,1,14,5,6,3,4,2,6,0,0,1,0,0,"",""
"Cube Smart - Satellite Beach","Thu Nov 20 2025 00:00:00 GMT+0000 (Coordinated Universal Time)",3,4,8,12,0,4,0,0,0,0,3,1,0,22,"",""
"Private Donation","Wed Nov 19 2025 00:00:00 GMT+0000 (Coordinated Universal Time)",0,0,0,0,0,1,0,0,0,0,3,0,0,2,"",""
"Ann Little","Tue Nov 18 2025 00:00:00 GMT+0000 (Coordinated Universal Time)",0,0,9,0,4,15,2,4,0,17,8,11,0,29,"",""
"Rowley Family Dentistry","Tue Nov 18 2025 00:00:00 GMT+0000 (Coordinated Universal Time)",5,6,22,10,6,7,2,1,2,0,5,31,0,15,"",""
"Private Donation","Tue Nov 18 2025 00:00:00 GMT+0000 (Coordinated Universal Time)",0,0,0,0,0,0,0,0,6,5,0,0,0,0,"",""
"Sandy Williams - Volunteer","Tue Nov 18 2025 00:00:00 GMT+0000 (Coordinated Universal Time)",0,0,0,0,0,1,0,9,0,11,10,0,0,26,"",""
"Transfer from Orlando","Mon Nov 17 2025 00:00:00 GMT+0000 (Coordinated Universal Time)",0,0,0,0,0,0,0,0,270,0,0,0,0,0,"",""
"Ann Little","Sun Nov 16 2025 00:00:00 GMT+0000 (Coordinated Universal Time)",0,0,0,0,0,0,0,10,0,3,38,0,0,25,"",""
"Fraternal Order of Orioles","Sun Nov 16 2025 00:00:00 GMT+0000 (Coordinated Universal Time)",12,10,32,25,27,22,7,8,5,5,6,8,9,18,"",""
"Jim Gregory","Sun Nov 16 2025 00:00:00 GMT+0000 (Coordinated Universal Time)",28,21,8,34,15,21,7,14,11,1,204,35,2,62,"",""
"Toys for Tots Purchase","Sat Nov 15 2025 00:00:00 GMT+0000 (Coordinated Universal Time)",0,0,0,0,0,0,0,0,0,0,852,0,0,0,"",""
"Cherie Slasor","Sat Nov 15 2025 00:00:00 GMT+0000 (Coordinated Universal Time)",2,3,1,8,1,7,5,4,2,1,142,1,0,145,"",""
"Event - Palm Bay Colony Club","Sat Nov 15 2025 00:00:00 GMT+0000 (Coordinated Universal Time)",0,2,6,5,2,3,1,2,2,1,1,0,0,5,"",""
"Event - Texas Roadhouse Eau Gallie","Fri Nov 14 2025 00:00:00 GMT+0000 (Coordinated Universal Time)",0,3,1,16,3,8,0,0,0,0,0,1,0,0,"",""
"Super 8","Tue Nov 11 2025 00:00:00 GMT+0000 (Coordinated Universal Time)",0,0,5,0,0,0,0,3,0,0,0,0,0,740,"",""
"Petsmart Viera","Tue Nov 11 2025 00:00:00 GMT+0000 (Coordinated Universal Time)",0,0,0,0,0,2,0,0,0,0,0,64,0,0,"",""
"Lamplighter Village","Tue Nov 11 2025 00:00:00 GMT+0000 (Coordinated Universal Time)",0,0,0,0,0,0,0,9,13,5,0,4,0,8,"",""
"Toys for Tots Purchase","Tue Nov 11 2025 00:00:00 GMT+0000 (Coordinated Universal Time)",0,0,0,0,6,25,176,65,107,95,0,0,0,0,"",""
"Private Donation","Mon Nov 10 2025 00:00:00 GMT+0000 (Coordinated Universal Time)",0,4,7,2,6,7,2,13,2,2,17,7,0,57,"",""
"Cherie Slasor","Mon Nov 10 2025 00:00:00 GMT+0000 (Coordinated Universal Time)",2,0,0,0,3,7,1,0,3,1,237,0,0,82,"",""
"Event - Heather's Dance Studio","Thu Nov 06 2025 00:00:00 GMT+0000 (Coordinated Universal Time)",6,8,9,13,2,4,3,3,2,2,0,5,0,2,"",""
"Katie Brennan","Wed Nov 05 2025 00:00:00 GMT+0000 (Coordinated Universal Time)",0,0,10,0,10,0,0,0,0,0,0,0,0,0,"",""
"Ann Little","Wed Nov 05 2025 00:00:00 GMT+0000 (Coordinated Universal Time)",0,0,0,0,0,0,0,0,1,0,0,16,0,0,"",""
"Lamplighter Village","Wed Nov 05 2025 00:00:00 GMT+0000 (Coordinated Universal Time)",1,5,23,25,7,4,13,10,7,7,63,11,0,11,"",""
"Lamplighter Village","Sun Nov 02 2025 00:00:00 GMT+0000 (Coordinated Universal Time)",4,2,9,15,8,5,0,2,4,8,161,0,0,38,"",""
"Radio Station","Thu Oct 30 2025 00:00:00 GMT+0000 (Coordinated Universal Time)",0,0,0,0,0,0,0,0,0,0,26,0,0,0,"",""
"Super 8","Thu Oct 30 2025 00:00:00 GMT+0000 (Coordinated Universal Time)",1,1,26,15,7,8,4,6,14,15,25,0,0,672,"",""
"Private Donation","Thu Oct 30 2025 00:00:00 GMT+0000 (Coordinated Universal Time)",0,0,0,0,0,3,1,1,0,8,17,0,0,10,"",""
"Foundation","Thu Oct 30 2025 00:00:00 GMT+0000 (Coordinated Universal Time)",0,0,0,0,0,0,0,0,0,27,0,0,0,0,"",""
"Indian River Colony Club","Mon Oct 20 2025 00:00:00 GMT+0000 (Coordinated Universal Time)",0,0,5,10,0,1,0,0,2,1,5,25,0,2,"",""
"Florida Tech - Dept of Security","Mon Oct 20 2025 00:00:00 GMT+0000 (Coordinated Universal Time)",2,3,14,6,2,6,2,2,0,3,0,10,0,16,"",""
